,,18,9,26,27,24,,,3,4,5,2,6,7,11,10,20,31,15,3,,,0,14,57,31,1,,,2,20,9,34,39,,,,42,44,11,6,1,,,,94,50,67,78,6,,19,61,4,1,89,6,,5,30,31,17,21,,7,23,32,36,27,28,,0,2,4,7,58,32,
Timestamp,3. What academic year did you enroll in COMM 168? ,2007-2008,2008-2009,2009-2010,2010-2011,2011-2012,4. What is/was your major?,5. When did you graduate from SJSU?,Spring 2008,Fall 2008,Spring 2009,Fall 2009,Spring 2010,Fall 2010,Spring 2011,Fall 2011,Spring 2012,Fall 2012,After Fall 2012,Currently Enrolled,6. How much do you think global warming will harm future generations?,7. How much do you think global warming will harm you personally?,Not at all,Only a little,A moderate amount,A great deal,Don't know,8. Which of the following statements comes closest to your views?,9. Rate your opinion of the following statement: The actions of a single individual will not make any difference in global warming.,Strongly agree,Somewhat agree,Neutral,Somewhat disagree,Strongly disagree,"10. Rate your opinion of the following statement: New technologies can solve global warming, without individuals having to make big changes in their lives.",11. Which comes closer to your own view?,12. How much do you agree or disagree with the following statement: “I have personally experienced the effects of global warming.”,Strongly agree2,Somewhat agree3,Neutral4,Somewhat disagree5,Strongly disagree6,13. How many of your friends share your views on global warming?,14. I personally recommended COMM 168 to other students.,"15. As a result of my participation in this course, I have taken the following actions to reduce the amount of waste produced in my home.  (Check all that apply):",Recycle more often,Compost food scraps or food waste,Buy products that have less packaging,Give away or donate products so that they can be reused,The course didn’t have an influence on these actions,"16. As a result of my participation in this course, I have taken the following actions to reduce energy consumption at home (Check all that apply):","Purchased renewable energy from utilities
","Purchased energy saving appliances
",Installed solar panels for electricity,Installed solar hot water,Changed traditional light bulbs to energy-efficient light bulbs,The course had no influence on my home energy use,"17. As a result of my participation in this course, over the course of a week, I make food choices to reduce carbon emissions",All the time ,Often,Sometimes,Occasionally,The course had no influence on my food choices,"18. As a result of my participation in this course, I have made the following changes to my transportation methods (Check all that apply):",Purchased a hybrid or electric car,Carpool regularly,Purchased a more gas-efficient car,Used public transportation more often,Used a bicycle instead of a car as transportation method,The course didn’t have an influence on my transportation methods,"19. As a result of my participation in this course, I purchase carbon offsets when I fly?",All the time,Often2,Sometimes3,Occasionally4,Never,The course had no influence on my purchase of carbon offsets,
11/25/2015 13:43:47,2007-2008,1,0,0,0,0,Economics,Fall 2010,0,0,0,0,0,1,0,0,0,0,0,0,A great deal,Only a little,0,1,0,0,0,"Humans could reduce global warming, but people are not willing to change their behavior, so we are not going to.",Strongly agree,1,0,0,0,0,Somewhat agree,Most scientists think global warming is happening.,Somewhat disagree,0,0,0,1,0,Most,FALSE,"Recycle more often, Buy products that have less packaging, Compost food scraps or food waste, Give away or donate products so that they can be reused",1,1,1,1,0,Less power/water use in general,0,0,0,0,0,0,The course had no influence on my food choices,0,0,0,0,1,"Carpool regularly, Used public transportation more often, Used a bicycle instead of a car as transportation method",0,1,0,1,1,0,Never,0,0,0,0,1,0,
11/25/2015 13:48:31,2010-2011,0,0,0,1,0,Business,After Fall 2012,0,0,0,0,0,0,0,0,0,1,1,0,A great deal,A great deal,0,0,0,1,0,"Humans could reduce global warming, but people are not willing to change their behavior, so we are not going to.",Somewhat disagree,0,0,0,1,0,Strongly agree,Most scientists think global warming is happening.,Strongly agree,1,0,0,0,0,A few,TRUE,"Recycle more often, Buy products that have less packaging, Give away or donate products so that they can be reused",1,0,1,1,0,"Purchased renewable energy from utilities, Purchased energy saving appliances, Changed traditional light bulbs to energy-efficient light bulbs",1,1,0,0,1,0,Sometimes,0,0,1,0,0,The course didn’t have an influence on my transportation methods,0,0,0,0,0,1,The course had no influence on my purchase of carbon offsets,0,0,0,0,0,1,
11/25/2015 13:54:36,2011-2012,0,0,0,0,1,Environmental Studies/ green building and energy policy,After Fall 2012,0,0,0,0,0,0,0,0,0,1,1,0,A great deal,A great deal,0,0,0,1,0,"Humans could reduce global warming, but it is unclear at this point, whether we will do what is needed.",Somewhat disagree,0,0,0,1,0,Strongly disagree,Most scientists think global warming is happening.,Somewhat agree,0,1,0,0,0,A few,TRUE,"Recycle more often, Buy products that have less packaging",1,0,1,0,0,"Purchased renewable energy from utilities, Purchased energy saving appliances, Changed traditional light bulbs to energy-efficient light bulbs",1,1,0,0,1,0,Occasionally,0,0,0,1,0,"Used public transportation more often, Used a bicycle instead of a car as transportation method",0,0,0,1,1,0,The course had no influence on my purchase of carbon offsets,0,0,0,0,0,1,
11/25/2015 14:09:40,2010-2011,0,0,0,1,0,Environmental Science,Fall 2011,0,0,0,0,0,0,0,1,0,0,0,0,A great deal,A moderate amount,0,0,1,0,0,"Humans could reduce global warming, but it is unclear at this point, whether we will do what is needed.",Neutral,0,0,1,0,0,Strongly disagree,Most scientists think global warming is happening.,Strongly agree,1,0,0,0,0,Most,TRUE,"Recycle more often, Buy products that have less packaging, Compost food scraps or food waste, Give away or donate products so that they can be reused",1,1,1,1,0,Changed traditional light bulbs to energy-efficient light bulbs,0,0,0,0,1,0,All the time,1,0,0,0,0,Purchased a more gas-efficient car,0,0,1,0,0,0,The course had no influence on my purchase of carbon offsets,0,0,0,0,0,1,
11/25/2015 14:10:53,2008-2009,0,1,0,0,0,Finance,Fall 2010,0,0,0,0,0,1,0,0,0,0,0,0,A great deal,Only a little,0,1,0,0,0,"Humans could reduce global warming, but it is unclear at this point, whether we will do what is needed.",Somewhat disagree,0,0,0,1,0,Somewhat disagree,Most scientists think global warming is happening.,Strongly agree,1,0,0,0,0,Most,TRUE,"Recycle more often, Buy products that have less packaging, Compost food scraps or food waste, Give away or donate products so that they can be reused, Purchased a Prius  ",1,1,1,1,0,"Purchased energy saving appliances, Changed traditional light bulbs to energy-efficient light bulbs, Eat less meat",0,1,0,0,1,0,Often,0,1,0,0,0,Purchased a hybrid or electric car,1,0,0,0,0,0,Never,0,0,0,0,1,0,
11/25/2015 14:22:03,2007-2008,1,0,0,0,0,Environmental Studies,Currently enrolled,0,0,0,0,0,0,0,0,0,0,0,1,A great deal,Don't know,0,0,0,0,1,"Humans could reduce global warming, but it is unclear at this point, whether we will do what is needed.",Strongly disagree,0,0,0,0,1,Strongly disagree,Most scientists think global warming is happening.,Strongly agree,1,0,0,0,0,Most,TRUE,"Compost food scraps or food waste, I already had a very ""green"" lifestyle",0,1,0,0,0,Changed traditional light bulbs to energy-efficient light bulbs,0,0,0,0,1,0,Often,0,1,0,0,0,The course didn’t have an influence on my transportation methods,0,0,0,0,0,1,Never,0,0,0,0,1,0,
11/25/2015 14:22:59,2009-2010,0,0,1,0,0,Journalism ,Fall 2010,0,0,0,0,0,1,0,0,0,0,0,0,A great deal,A moderate amount,0,0,1,0,0,"Humans could reduce global warming, but it is unclear at this point, whether we will do what is needed.",Somewhat agree,0,1,0,0,0,Somewhat disagree,Most scientists think global warming is happening.,Somewhat agree,0,1,0,0,0,A few,FALSE,"Recycle more often, Compost food scraps or food waste",1,1,0,0,0,Installed solar panels for electricity,0,0,1,0,0,0,The course had no influence on my food choices,0,0,0,0,1,Used public transportation more often,0,0,0,1,0,0,Never,0,0,0,0,1,0,
11/25/2015 14:41:06,2010-2011,0,0,0,1,0,Environmental Studies,Currently enrolled,0,0,0,0,0,0,0,0,0,0,0,1,A great deal,A moderate amount,0,0,1,0,0,"Humans could reduce global warming, but it is unclear at this point, whether we will do what is needed.",Somewhat agree,0,1,0,0,0,Somewhat agree,Most scientists think global warming is happening.,Somewhat agree,0,1,0,0,0,A few,TRUE,"Recycle more often, Buy products that have less packaging",1,0,1,0,0,"Purchased energy saving appliances, Changed traditional light bulbs to energy-efficient light bulbs",0,1,0,0,1,0,All the time,1,0,0,0,0,"Purchased a more gas-efficient car, Used public transportation more often",0,0,1,1,0,0,The course had no influence on my purchase of carbon offsets,0,0,0,0,0,1,
11/25/2015 14:47:58,2010-2011,0,0,0,1,0,Kinesiology ,Spring 2012,0,0,0,0,0,0,0,0,1,0,0,0,A great deal,A great deal,0,0,0,1,0,"Humans could reduce global warming, but it is unclear at this point, whether we will do what is needed.",Somewhat agree,0,1,0,0,0,Strongly disagree,Most scientists think global warming is happening.,Somewhat agree,0,1,0,0,0,A few,TRUE,"Recycle more often, Buy products that have less packaging, Give away or donate products so that they can be reused, Conserve water ",1,0,1,1,0,"Purchased renewable energy from utilities, Purchased energy saving appliances, Changed traditional light bulbs to energy-efficient light bulbs",1,1,0,0,1,0,Sometimes,0,0,1,0,0,,0,0,0,0,0,0,,0,0,0,0,0,0,
11/25/2015 14:50:31,2009-2010,0,0,1,0,0,Comm. Studies,Fall 2010,0,0,0,0,0,1,0,0,0,0,0,0,A great deal,A moderate amount,0,0,1,0,0,"Humans could reduce global warming, but it is unclear at this point, whether we will do what is needed.",Somewhat agree,0,1,0,0,0,Somewhat disagree,Most scientists think global warming is happening.,Neutral,0,0,1,0,0,Most,TRUE,"Recycle more often, Buy products that have less packaging, Compost food scraps or food waste, Give away or donate products so that they can be reused",1,1,1,1,0,Changed traditional light bulbs to energy-efficient light bulbs,0,0,0,0,1,0,Occasionally,0,0,0,1,0,Used public transportation more often,0,0,0,1,0,0,Never,0,0,0,0,1,0,
11/25/2015 15:10:41,2010-2011,0,0,0,1,0,Journalism,Spring 2012,0,0,0,0,0,0,0,0,1,0,0,0,A great deal,Only a little,0,1,0,0,0,"Humans could reduce global warming, but it is unclear at this point, whether we will do what is needed.",Neutral,0,0,1,0,0,Neutral,There is a lot of disagreement among scientists about whether or not global warming is happening.,Somewhat agree,0,1,0,0,0,A few,TRUE,"Recycle more often, Buy products that have less packaging, Give away or donate products so that they can be reused",1,0,1,1,0,"Purchased energy saving appliances, Changed traditional light bulbs to energy-efficient light bulbs",0,1,0,0,1,0,Often,0,1,0,0,0,Carpool regularly,0,1,0,0,0,0,Never,0,0,0,0,1,0,
11/25/2015 15:28:30,2007-2008,1,0,0,0,0,Communication Studies,Fall 2008,0,1,0,0,0,0,0,0,0,0,0,0,A great deal,A moderate amount,0,0,1,0,0,"Humans could reduce global warming, but it is unclear at this point, whether we will do what is needed.",Somewhat disagree,0,0,0,1,0,Somewhat disagree,Most scientists think global warming is happening.,Neutral,0,0,1,0,0,Most,TRUE,The course didn’t have an influence on these actions,0,0,0,0,1,"The course had no influence on my home energy use, More concious of carbons costs on transportation with respect to personal life  and global distribution",0,0,0,0,0,1,Often,0,1,0,0,0,"Purchased a more gas-efficient car, Used public transportation more often, Used a bicycle instead of a car as transportation method",0,0,1,1,1,0,Occasionally,0,0,0,1,0,0,
11/25/2015 16:05:21,2010-2011,0,0,0,1,0,Envs,Fall 2012,0,0,0,0,0,0,0,0,0,1,0,0,A great deal,A moderate amount,0,0,1,0,0,"Humans could reduce global warming, but people are not willing to change their behavior, so we are not going to.",Somewhat disagree,0,0,0,1,0,Somewhat disagree,Most scientists think global warming is happening.,Neutral,0,0,1,0,0,Most,TRUE,"Recycle more often, Compost food scraps or food waste",1,1,0,0,0,"Purchased energy saving appliances, Changed traditional light bulbs to energy-efficient light bulbs",0,1,0,0,1,0,Often,0,1,0,0,0,"Carpool regularly, Used public transportation more often",0,1,0,1,0,0,Never,0,0,0,0,1,0,
11/25/2015 16:28:33,2009-2010,0,0,1,0,0,Photography,Fall 2011,0,0,0,0,0,0,0,1,0,0,0,0,A great deal,A great deal,0,0,0,1,0,"Humans could reduce global warming, but it is unclear at this point, whether we will do what is needed.",Strongly disagree,0,0,0,0,1,Strongly disagree,Most scientists think global warming is happening.,Strongly agree,1,0,0,0,0,Most,TRUE,"Recycle more often, Compost food scraps or food waste, Give away or donate products so that they can be reused",1,1,0,1,0,"Purchased energy saving appliances, Changed traditional light bulbs to energy-efficient light bulbs",0,1,0,0,1,0,Sometimes,0,0,1,0,0,Purchased a more gas-efficient car,0,0,1,0,0,0,Never,0,0,0,0,1,0,
11/25/2015 16:42:04,2010-2011,0,0,0,1,0,Journalism,Spring 2012,0,0,0,0,0,0,0,0,1,0,0,0,A great deal,A moderate amount,0,0,1,0,0,"Humans could reduce global warming, but it is unclear at this point, whether we will do what is needed.",Somewhat disagree,0,0,0,1,0,Somewhat disagree,Most scientists think global warming is happening.,Somewhat agree,0,1,0,0,0,Most,TRUE,"Recycle more often, Buy products that have less packaging, Compost food scraps or food waste, Give away or donate products so that they can be reused",1,1,1,1,0,"Purchased renewable energy from utilities, Purchased energy saving appliances, Installed solar panels for electricity, Changed traditional light bulbs to energy-efficient light bulbs",1,1,1,0,1,0,Sometimes,0,0,1,0,0,"Carpool regularly, Used public transportation more often, Used a bicycle instead of a car as transportation method",0,1,0,1,1,0,Sometimes,0,0,1,0,0,0,
11/25/2015 16:56:03,2010-2011,0,0,0,1,0,Hospitality Management,Spring 2011,0,0,0,0,0,0,1,0,0,0,0,0,A great deal,A moderate amount,0,0,1,0,0,"Humans could reduce global warming, but people are not willing to change their behavior, so we are not going to.",Somewhat disagree,0,0,0,1,0,Strongly disagree,Most scientists think global warming is happening.,Somewhat agree,0,1,0,0,0,A few,TRUE,"Recycle more often, Buy products that have less packaging, Give away or donate products so that they can be reused",1,0,1,1,0,Purchased energy saving appliances,0,1,0,0,0,0,The course had no influence on my food choices,0,0,0,0,1,The course didn’t have an influence on my transportation methods,0,0,0,0,0,1,The course had no influence on my purchase of carbon offsets,0,0,0,0,0,1,
11/25/2015 17:46:19,2009-2010,0,0,1,0,0,Environmental Studies,Spring 2011,0,0,0,0,0,0,1,0,0,0,0,0,Only a little,Only a little,0,1,0,0,0,Global warming is not happening.,Neutral,0,0,1,0,0,Neutral,Most scientists think global warming is happening.,Strongly disagree,0,0,0,0,1,A few,TRUE,"Recycle more often, Compost food scraps or food waste",1,1,0,0,0,The course had no influence on my home energy use,0,0,0,0,0,1,The course had no influence on my food choices,0,0,0,0,1,Used a bicycle instead of a car as transportation method,0,0,0,0,1,0,The course had no influence on my purchase of carbon offsets,0,0,0,0,0,1,
11/25/2015 18:20:05,2008-2009,0,1,0,0,0,Art,Fall 2009,0,0,0,1,0,0,0,0,0,0,0,0,A moderate amount,Only a little,0,1,0,0,0,"Humans cannot reduce global warming, even if it is happening.",Somewhat agree,0,1,0,0,0,Somewhat disagree,Most scientists think global warming is not happening.,Neutral,0,0,1,0,0,A few,TRUE,"Recycle more often, Give away or donate products so that they can be reused",1,0,0,1,0,Changed traditional light bulbs to energy-efficient light bulbs,0,0,0,0,1,0,The course had no influence on my food choices,0,0,0,0,1,The course didn’t have an influence on my transportation methods,0,0,0,0,0,1,Never,0,0,0,0,1,0,
11/25/2015 18:32:20,2010-2011,0,0,0,1,0,Geology,Fall 2012,0,0,0,0,0,0,0,0,0,1,0,0,A great deal,A moderate amount,0,0,1,0,0,"Humans could reduce global warming, but people are not willing to change their behavior, so we are not going to.",Somewhat disagree,0,0,0,1,0,Strongly disagree,Most scientists think global warming is happening.,Strongly agree,1,0,0,0,0,Most,TRUE,"Recycle more often, Buy products that have less packaging, Think about my transportation choices and where I can live to minimize my carbon footprint",1,0,1,0,0,"Purchased energy saving appliances, Changed traditional light bulbs to energy-efficient light bulbs",0,1,0,0,1,0,Sometimes,0,0,1,0,0,"Carpool regularly, Used a bicycle instead of a car as transportation method",0,1,0,0,1,0,The course had no influence on my purchase of carbon offsets,0,0,0,0,0,1,
11/25/2015 18:58:13,2010-2011,0,0,0,1,0,Envs,Fall 2012,0,0,0,0,0,0,0,0,0,1,0,0,A great deal,A moderate amount,0,0,1,0,0,"Humans could reduce global warming, but it is unclear at this point, whether we will do what is needed.",Strongly disagree,0,0,0,0,1,Somewhat disagree,Most scientists think global warming is happening.,Strongly agree,1,0,0,0,0,Most,TRUE,"Recycle more often, Buy products that have less packaging, Compost food scraps or food waste, Give away or donate products so that they can be reused",1,1,1,1,0,"Purchased energy saving appliances, Installed solar hot water",0,1,0,1,0,0,Often,0,1,0,0,0,"Purchased a more gas-efficient car, Used a bicycle instead of a car as transportation method",0,0,1,0,1,0,Never,0,0,0,0,1,0,
11/25/2015 21:15:50,2009-2010,0,0,1,0,0,Economics,Fall 2010,0,0,0,0,0,1,0,0,0,0,0,0,A great deal,A moderate amount,0,0,1,0,0,"Humans could reduce global warming, but it is unclear at this point, whether we will do what is needed.",Somewhat agree,0,1,0,0,0,Strongly disagree,Most scientists think global warming is happening.,Somewhat agree,0,1,0,0,0,Most,TRUE,"Recycle more often, Buy products that have less packaging, Give away or donate products so that they can be reused",1,0,1,1,0,"Purchased energy saving appliances, Changed traditional light bulbs to energy-efficient light bulbs",0,1,0,0,1,0,Sometimes,0,0,1,0,0,The course didn’t have an influence on my transportation methods,0,0,0,0,0,1,Never,0,0,0,0,1,0,
11/25/2015 21:50:28,2010-2011,0,0,0,1,0,Communication Studies,Spring 2011,0,0,0,0,0,0,1,0,0,0,0,0,A great deal,A moderate amount,0,0,1,0,0,"Humans could reduce global warming, but it is unclear at this point, whether we will do what is needed.",Strongly disagree,0,0,0,0,1,Somewhat disagree,Most scientists think global warming is happening.,Neutral,0,0,1,0,0,Most,TRUE,"Recycle more often, Compost food scraps or food waste, Give away or donate products so that they can be reused",1,1,0,1,0,"Purchased energy saving appliances, Changed traditional light bulbs to energy-efficient light bulbs",0,1,0,0,1,0,Sometimes,0,0,1,0,0,The course didn’t have an influence on my transportation methods,0,0,0,0,0,1,Never,0,0,0,0,1,0,
11/25/2015 22:51:50,2011-2012,0,0,0,0,1,Environmental studies,Spring 2012,0,0,0,0,0,0,0,0,1,0,0,0,A great deal,Only a little,0,1,0,0,0,"Humans could reduce global warming, but it is unclear at this point, whether we will do what is needed.",Strongly disagree,0,0,0,0,1,Strongly disagree,Most scientists think global warming is happening.,Somewhat agree,0,1,0,0,0,Most,TRUE,"Recycle more often, Buy products that have less packaging, Compost food scraps or food waste, Give away or donate products so that they can be reused, TAke public transportation when possible",1,1,1,1,0,"Purchased energy saving appliances, Changed traditional light bulbs to energy-efficient light bulbs",0,1,0,0,1,0,Sometimes,0,0,1,0,0,"Carpool regularly, Used public transportation more often, Used a bicycle instead of a car as transportation method",0,1,0,1,1,0,The course had no influence on my purchase of carbon offsets,0,0,0,0,0,1,
11/26/2015 0:10:45,2007-2008,1,0,0,0,0,Criminal justice,Fall 2011,0,0,0,0,0,0,0,1,0,0,0,0,A great deal,A moderate amount,0,0,1,0,0,"Humans could reduce global warming, but it is unclear at this point, whether we will do what is needed.",Somewhat disagree,0,0,0,1,0,Somewhat agree,Most scientists think global warming is happening.,Somewhat agree,0,1,0,0,0,A few,TRUE,"Recycle more often, Give away or donate products so that they can be reused",1,0,0,1,0,"Purchased energy saving appliances, Changed traditional light bulbs to energy-efficient light bulbs",0,1,0,0,1,0,The course had no influence on my food choices,0,0,0,0,1,The course didn’t have an influence on my transportation methods,0,0,0,0,0,1,The course had no influence on my purchase of carbon offsets,0,0,0,0,0,1,
11/26/2015 7:23:38,2008-2009,0,1,0,0,0,Nursing,Fall 2011,0,0,0,0,0,0,0,1,0,0,0,0,A great deal,A moderate amount,0,0,1,0,0,"Humans could reduce global warming, but people are not willing to change their behavior, so we are not going to.",Strongly disagree,0,0,0,0,1,Strongly disagree,Most scientists think global warming is happening.,Somewhat agree,0,1,0,0,0,A few,TRUE,"Recycle more often, Buy products that have less packaging, Give away or donate products so that they can be reused, More aware of how my actions affect the environment.",1,0,1,1,0,"Changed traditional light bulbs to energy-efficient light bulbs, Plan to do the above once I purchase a home.",0,0,0,0,1,0,Often,0,1,0,0,0,"Purchased a more gas-efficient car, Used a bicycle instead of a car as transportation method",0,0,1,0,1,0,The course had no influence on my purchase of carbon offsets,0,0,0,0,0,1,
11/26/2015 8:38:58,2011-2012,0,0,0,0,1,Environmental Studies,Spring 2012,0,0,0,0,0,0,0,0,1,0,0,0,A great deal,A great deal,0,0,0,1,0,"Humans could reduce global warming, but it is unclear at this point, whether we will do what is needed.",Strongly disagree,0,0,0,0,1,Strongly disagree,Most scientists think global warming is happening.,Strongly agree,1,0,0,0,0,Most,TRUE,"Recycle more often, Buy products that have less packaging, Compost food scraps or food waste, Give away or donate products so that they can be reused",1,1,1,1,0,"Purchased renewable energy from utilities, Purchased energy saving appliances, Changed traditional light bulbs to energy-efficient light bulbs",1,1,0,0,1,0,Often,0,1,0,0,0,The course didn’t have an influence on my transportation methods,0,0,0,0,0,1,The course had no influence on my purchase of carbon offsets,0,0,0,0,0,1,
11/26/2015 10:40:49,2010-2011,0,0,0,1,0,Communication Studies,Fall 2011,0,0,0,0,0,0,0,1,0,0,0,0,A great deal,A great deal,0,0,0,1,0,"Humans could reduce global warming, but it is unclear at this point, whether we will do what is needed.",Somewhat agree,0,1,0,0,0,Strongly disagree,Most scientists think global warming is happening.,Strongly agree,1,0,0,0,0,A few,TRUE,"Recycle more often, Buy products that have less packaging, Compost food scraps or food waste, Give away or donate products so that they can be reused",1,1,1,1,0,"Purchased energy saving appliances, Changed traditional light bulbs to energy-efficient light bulbs",0,1,0,0,1,0,Sometimes,0,0,1,0,0,Purchased a more gas-efficient car,0,0,1,0,0,0,Never,0,0,0,0,1,0,
11/26/2015 10:45:18,2011-2012,0,0,0,0,1,Communication Studies (B.A.),Spring 2012,0,0,0,0,0,0,0,0,1,0,0,0,A great deal,A moderate amount,0,0,1,0,0,"Humans could reduce global warming, but it is unclear at this point, whether we will do what is needed.",Somewhat disagree,0,0,0,1,0,Strongly disagree,Most scientists think global warming is happening.,Somewhat agree,0,1,0,0,0,A few,TRUE,"Recycle more often, Buy products that have less packaging, Give away or donate products so that they can be reused",1,0,1,1,0,"Changed traditional light bulbs to energy-efficient light bulbs, Use clothes dryer less ",0,0,0,0,1,0,Occasionally,0,0,0,1,0,Used public transportation more often,0,0,0,1,0,0,The course had no influence on my purchase of carbon offsets,0,0,0,0,0,1,
11/26/2015 11:17:32,2009-2010,0,0,1,0,0,Child and adolescent Development,Fall 2012,0,0,0,0,0,0,0,0,0,1,0,0,A great deal,A great deal,0,0,0,1,0,"Humans could reduce global warming, but it is unclear at this point, whether we will do what is needed.",Strongly disagree,0,0,0,0,1,Strongly disagree,Most scientists think global warming is happening.,Strongly agree,1,0,0,0,0,Most,TRUE,"Recycle more often, Buy products that have less packaging, Give away or donate products so that they can be reused",1,0,1,1,0,"Purchased energy saving appliances, Changed traditional light bulbs to energy-efficient light bulbs",0,1,0,0,1,0,Sometimes,0,0,1,0,0,"Used public transportation more often, Used a bicycle instead of a car as transportation method",0,0,0,1,1,0,Sometimes,0,0,1,0,0,0,
11/26/2015 19:32:07,2011-2012,0,0,0,0,1,Math ,After Fall 2012,0,0,0,0,0,0,0,0,0,1,1,0,A great deal,A great deal,0,0,0,1,0,"Humans could reduce global warming, but it is unclear at this point, whether we will do what is needed.",Somewhat agree,0,1,0,0,0,Strongly disagree,Most scientists think global warming is happening.,Somewhat agree,0,1,0,0,0,A few,TRUE,"Recycle more often, Buy products that have less packaging, Give away or donate products so that they can be reused",1,0,1,1,0,"Purchased energy saving appliances, Changed traditional light bulbs to energy-efficient light bulbs",0,1,0,0,1,0,Sometimes,0,0,1,0,0,Purchased a hybrid or electric car,1,0,0,0,0,0,Never,0,0,0,0,1,0,
11/27/2015 0:43:04,2011-2012,0,0,0,0,1,Communications Studies,Fall 2012,0,0,0,0,0,0,0,0,0,1,0,0,A great deal,A moderate amount,0,0,1,0,0,"Humans could reduce global warming, but it is unclear at this point, whether we will do what is needed.",Somewhat agree,0,1,0,0,0,Strongly disagree,Most scientists think global warming is happening.,Somewhat agree,0,1,0,0,0,Most,TRUE,"Recycle more often, Buy products that have less packaging, Give away or donate products so that they can be reused",1,0,1,1,0,Rented a place with solar panels for electricity and a low-flush toilet.,0,0,1,0,0,0,Sometimes,0,0,1,0,0,The course didn’t have an influence on my transportation methods,0,0,0,0,0,1,The course had no influence on my purchase of carbon offsets,0,0,0,0,0,1,
11/27/2015 8:56:33,2007-2008,1,0,0,0,0,Communication Studies,Spring 2008,1,0,0,0,0,0,0,0,0,0,0,0,A great deal,A moderate amount,0,0,1,0,0,"Humans could reduce global warming, but it is unclear at this point, whether we will do what is needed.",Somewhat disagree,0,0,0,1,0,Somewhat disagree,Most scientists think global warming is happening.,Strongly agree,1,0,0,0,0,Most,TRUE,"Recycle more often, Buy products that have less packaging, Give away or donate products so that they can be reused",1,0,1,1,0,"Purchased energy saving appliances, Changed traditional light bulbs to energy-efficient light bulbs",0,1,0,0,1,0,Often,0,1,0,0,0,The course didn’t have an influence on my transportation methods,0,0,0,0,0,1,Never,0,0,0,0,1,0,
11/27/2015 10:54:37,2009-2010,0,0,1,0,0,Business Administration (Management),Fall 2012,0,0,0,0,0,0,0,0,0,1,0,0,A great deal,A moderate amount,0,0,1,0,0,"Humans could reduce global warming, but people are not willing to change their behavior, so we are not going to.",Somewhat disagree,0,0,0,1,0,Somewhat disagree,Most scientists think global warming is happening.,Strongly agree,1,0,0,0,0,Most,TRUE,Give away or donate products so that they can be reused,0,0,0,1,0,Changed traditional light bulbs to energy-efficient light bulbs,0,0,0,0,1,0,Occasionally,0,0,0,1,0,"Purchased a more gas-efficient car, Used a bicycle instead of a car as transportation method",0,0,1,0,1,0,Never,0,0,0,0,1,0,
11/27/2015 20:23:28,2010-2011,0,0,0,1,0,Communication,Spring 2012,0,0,0,0,0,0,0,0,1,0,0,0,A great deal,A great deal,0,0,0,1,0,"Humans could reduce global warming, but it is unclear at this point, whether we will do what is needed.",Somewhat disagree,0,0,0,1,0,Strongly disagree,Most scientists think global warming is happening.,Strongly agree,1,0,0,0,0,Most,TRUE,"Recycle more often, Give away or donate products so that they can be reused",1,0,0,1,0,"Purchased energy saving appliances, Changed traditional light bulbs to energy-efficient light bulbs",0,1,0,0,1,0,The course had no influence on my food choices,0,0,0,0,1,Purchased a hybrid or electric car,1,0,0,0,0,0,The course had no influence on my purchase of carbon offsets,0,0,0,0,0,1,
11/28/2015 8:20:41,2009-2010,0,0,1,0,0,Linguistics,,0,0,0,0,0,0,0,0,0,0,0,0,A moderate amount,A moderate amount,0,0,1,0,0,"Humans could reduce global warming, but it is unclear at this point, whether we will do what is needed.",Strongly disagree,0,0,0,0,1,Strongly agree,There is a lot of disagreement among scientists about whether or not global warming is happening.,Somewhat agree,0,1,0,0,0,A few,TRUE,"Recycle more often, Give away or donate products so that they can be reused",1,0,0,1,0,"Purchased energy saving appliances, Changed traditional light bulbs to energy-efficient light bulbs",0,1,0,0,1,0,Sometimes,0,0,1,0,0,Carpool regularly,0,1,0,0,0,0,Never,0,0,0,0,1,0,
11/28/2015 8:50:22,2007-2008,1,0,0,0,0,Creative Arts,Spring 2009,0,0,1,0,0,0,0,0,0,0,0,0,A great deal,Only a little,0,1,0,0,0,"Humans could reduce global warming, but it is unclear at this point, whether we will do what is needed.",Neutral,0,0,1,0,0,Somewhat disagree,Most scientists think global warming is happening.,Somewhat agree,0,1,0,0,0,Most,TRUE,The course didn’t have an influence on these actions,0,0,0,0,1,The course had no influence on my home energy use,0,0,0,0,0,1,The course had no influence on my food choices,0,0,0,0,1,The course didn’t have an influence on my transportation methods,0,0,0,0,0,1,The course had no influence on my purchase of carbon offsets,0,0,0,0,0,1,
11/28/2015 11:16:58,2007-2008,1,0,0,0,0,Recreation,Fall 2009,0,0,0,1,0,0,0,0,0,0,0,0,A great deal,Only a little,0,1,0,0,0,"Humans could reduce global warming, but people are not willing to change their behavior, so we are not going to.",Strongly disagree,0,0,0,0,1,Somewhat disagree,Most scientists think global warming is happening.,Strongly agree,1,0,0,0,0,A few,TRUE,"Recycle more often, Buy products that have less packaging, Give away or donate products so that they can be reused, Educate others on what they can do.",1,0,1,1,0,"Purchased energy saving appliances, Changed traditional light bulbs to energy-efficient light bulbs, Hoa won't let me install solar power",0,1,0,0,1,0,The course had no influence on my food choices,0,0,0,0,1,"Purchased a hybrid or electric car, Purchased a more gas-efficient car",1,0,1,0,0,0,The course had no influence on my purchase of carbon offsets,0,0,0,0,0,1,
11/29/2015 10:30:45,2009-2010,0,0,1,0,0,Entrepreneurship,Fall 2011,0,0,0,0,0,0,0,1,0,0,0,0,A great deal,A great deal,0,0,0,1,0,"Humans could reduce global warming, but it is unclear at this point, whether we will do what is needed.",Strongly disagree,0,0,0,0,1,Somewhat disagree,Most scientists think global warming is happening.,Strongly agree,1,0,0,0,0,A few,TRUE,"Recycle more often, Buy products that have less packaging, Compost food scraps or food waste, Give away or donate products so that they can be reused, Trying to teach my 2 year old son about the importance of Climate Change",1,1,1,1,0,"Purchased renewable energy from utilities, Purchased energy saving appliances, Changed traditional light bulbs to energy-efficient light bulbs, Entered the Solar PV work force",1,1,0,0,1,0,Often,0,1,0,0,0,The course didn’t have an influence on my transportation methods,0,0,0,0,0,1,Occasionally,0,0,0,1,0,0,
11/29/2015 20:18:32,2009-2010,0,0,1,0,0,Advertising,Spring 2011,0,0,0,0,0,0,1,0,0,0,0,0,A great deal,A moderate amount,0,0,1,0,0,"Humans could reduce global warming, but it is unclear at this point, whether we will do what is needed.",Somewhat disagree,0,0,0,1,0,Somewhat disagree,Most scientists think global warming is happening.,Somewhat agree,0,1,0,0,0,Most,TRUE,"Recycle more often, Buy products that have less packaging, Give away or donate products so that they can be reused",1,0,1,1,0,Changed traditional light bulbs to energy-efficient light bulbs,0,0,0,0,1,0,Occasionally,0,0,0,1,0,Purchased a more gas-efficient car,0,0,1,0,0,0,Never,0,0,0,0,1,0,
11/30/2015 8:46:17,2007-2008,1,0,0,0,0,Communications,Spring 2012,0,0,0,0,0,0,0,0,1,0,0,0,A moderate amount,A moderate amount,0,0,1,0,0,"Humans could reduce global warming, but people are not willing to change their behavior, so we are not going to.",Neutral,0,0,1,0,0,Somewhat agree,There is a lot of disagreement among scientists about whether or not global warming is happening.,Somewhat disagree,0,0,0,1,0,Most,TRUE,"Recycle more often, Compost food scraps or food waste, Give away or donate products so that they can be reused",1,1,0,1,0,"Purchased energy saving appliances, Changed traditional light bulbs to energy-efficient light bulbs",0,1,0,0,1,0,Occasionally,0,0,0,1,0,The course didn’t have an influence on my transportation methods,0,0,0,0,0,1,Never,0,0,0,0,1,0,
11/30/2015 13:21:05,2011-2012,0,0,0,0,1,Communication,Spring 2012,0,0,0,0,0,0,0,0,1,0,0,0,A great deal,A great deal,0,0,0,1,0,"Humans could reduce global warming, but people are not willing to change their behavior, so we are not going to.",Somewhat disagree,0,0,0,1,0,Somewhat agree,Most scientists think global warming is happening.,Somewhat agree,0,1,0,0,0,Most,TRUE,"Recycle more often, Give away or donate products so that they can be reused",1,0,0,1,0,"Purchased renewable energy from utilities, Changed traditional light bulbs to energy-efficient light bulbs",1,0,0,0,1,0,Often,0,1,0,0,0,Purchased a more gas-efficient car,0,0,1,0,0,0,Never,0,0,0,0,1,0,
11/30/2015 18:38:37,2008-2009,0,1,0,0,0,,,0,0,0,0,0,0,0,0,0,0,0,0,A great deal,A moderate amount,0,0,1,0,0,"Humans could reduce global warming, but it is unclear at this point, whether we will do what is needed.",Strongly disagree,0,0,0,0,1,Somewhat disagree,Most scientists think global warming is happening.,Strongly agree,1,0,0,0,0,Most,TRUE,"Recycle more often, Buy products that have less packaging, Compost food scraps or food waste, Give away or donate products so that they can be reused",1,1,1,1,0,"Purchased energy saving appliances, Changed traditional light bulbs to energy-efficient light bulbs",0,1,0,0,1,0,Sometimes,0,0,1,0,0,"Purchased a more gas-efficient car, Used a bicycle instead of a car as transportation method",0,0,1,0,1,0,Never,0,0,0,0,1,0,
12/1/2015 6:34:22,2009-2010,0,0,1,0,0,fine art,Spring 2010,0,0,0,0,1,0,0,0,0,0,0,0,A great deal,A great deal,0,0,0,1,0,"Humans could reduce global warming, but people are not willing to change their behavior, so we are not going to.",Somewhat disagree,0,0,0,1,0,Somewhat disagree,Most scientists think global warming is happening.,Strongly agree,1,0,0,0,0,Most,TRUE,"Recycle more often, Give away or donate products so that they can be reused",1,0,0,1,0,"Changed traditional light bulbs to energy-efficient light bulbs, yell at my fiance to turn everything off",0,0,0,0,1,0,Occasionally,0,0,0,1,0,"Used public transportation more often, Used a bicycle instead of a car as transportation method",0,0,0,1,1,0,The course had no influence on my purchase of carbon offsets,0,0,0,0,0,1,
12/1/2015 16:50:11,2009-2010,0,0,1,0,0,Accounting,Fall 2011,0,0,0,0,0,0,0,1,0,0,0,0,A great deal,Only a little,0,1,0,0,0,"Humans could reduce global warming, but it is unclear at this point, whether we will do what is needed.",Somewhat agree,0,1,0,0,0,Neutral,Most scientists think global warming is happening.,Somewhat disagree,0,0,0,1,0,A few,TRUE,"Recycle more often, Compost food scraps or food waste, Give away or donate products so that they can be reused, diligent about water and electricity usage",1,1,0,1,0,Changed traditional light bulbs to energy-efficient light bulbs,0,0,0,0,1,0,The course had no influence on my food choices,0,0,0,0,1,"Used public transportation more often, Used a bicycle instead of a car as transportation method",0,0,0,1,1,0,Never,0,0,0,0,1,0,
12/2/2015 12:30:48,2011-2012,0,0,0,0,1,Communicationj Studies,Spring 2012,0,0,0,0,0,0,0,0,1,0,0,0,A great deal,A moderate amount,0,0,1,0,0,"Humans can reduce global warming, and we are going to do so successfully.",Strongly disagree,0,0,0,0,1,Somewhat disagree,Most scientists think global warming is happening.,Strongly agree,1,0,0,0,0,A few,TRUE,"Recycle more often, Buy products that have less packaging, Compost food scraps or food waste, Give away or donate products so that they can be reused, small garden",1,1,1,1,0,"Changed traditional light bulbs to energy-efficient light bulbs, hvac/thermostat adjustments",0,0,0,0,1,0,Occasionally,0,0,0,1,0,Purchased a more gas-efficient car,0,0,1,0,0,0,Never,0,0,0,0,1,0,
12/3/2015 8:09:24,2011-2012,0,0,0,0,1,Environmental Studies ,Spring 2012,0,0,0,0,0,0,0,0,1,0,0,0,A great deal,A great deal,0,0,0,1,0,"Humans could reduce global warming, but it is unclear at this point, whether we will do what is needed.",Strongly disagree,0,0,0,0,1,Neutral,Most scientists think global warming is happening.,Strongly agree,1,0,0,0,0,Most,TRUE,Career Path,0,0,0,0,0,"Purchased energy saving appliances, Changed traditional light bulbs to energy-efficient light bulbs",0,1,0,0,1,0,The course had no influence on my food choices,0,0,0,0,1,Used public transportation more often,0,0,0,1,0,0,The course had no influence on my purchase of carbon offsets,0,0,0,0,0,1,
12/3/2015 21:12:26,2011-2012,0,0,0,0,1,Fine Arts and Psychology,Fall 2012,0,0,0,0,0,0,0,0,0,1,0,0,A great deal,A moderate amount,0,0,1,0,0,"Humans could reduce global warming, but it is unclear at this point, whether we will do what is needed.",Strongly disagree,0,0,0,0,1,Strongly disagree,Most scientists think global warming is happening.,Strongly agree,1,0,0,0,0,Most,TRUE,"Recycle more often, Buy products that have less packaging, cutting down water supply, turning off lights, unplugging electricity using devices",1,0,1,0,0,"Purchased energy saving appliances, Changed traditional light bulbs to energy-efficient light bulbs",0,1,0,0,1,0,Often,0,1,0,0,0,The course didn’t have an influence on my transportation methods,0,0,0,0,0,1,The course had no influence on my purchase of carbon offsets,0,0,0,0,0,1,
12/4/2015 11:23:32,2011-2012,0,0,0,0,1,Environmental Studies,After Fall 2012,0,0,0,0,0,0,0,0,0,1,1,0,A great deal,A moderate amount,0,0,1,0,0,"Humans could reduce global warming, but it is unclear at this point, whether we will do what is needed.",Strongly disagree,0,0,0,0,1,Somewhat disagree,Most scientists think global warming is happening.,Strongly agree,1,0,0,0,0,Most,TRUE,The course didn’t have an influence on these actions,0,0,0,0,1,The course had no influence on my home energy use,0,0,0,0,0,1,The course had no influence on my food choices,0,0,0,0,1,The course didn’t have an influence on my transportation methods,0,0,0,0,0,1,Never,0,0,0,0,1,0,
12/8/2015 13:11:51,2010-2011,0,0,0,1,0,Communication Studies,Spring 2011,0,0,0,0,0,0,1,0,0,0,0,0,A great deal,A moderate amount,0,0,1,0,0,"Humans can reduce global warming, and we are going to do so successfully.",Somewhat disagree,0,0,0,1,0,Somewhat disagree,Most scientists think global warming is happening.,Neutral,0,0,1,0,0,A few,TRUE,"Recycle more often, Buy products that have less packaging, Compost food scraps or food waste, Give away or donate products so that they can be reused",1,1,1,1,0,"Purchased energy saving appliances, Changed traditional light bulbs to energy-efficient light bulbs",0,1,0,0,1,0,All the time,1,0,0,0,0,"Carpool regularly, Used public transportation more often, Used a bicycle instead of a car as transportation method",0,1,0,1,1,0,Often,0,1,0,0,0,0,
12/14/2015 15:25:27,2007-2008,1,0,0,0,0,Mathematics ,Spring 2009,0,0,1,0,0,0,0,0,0,0,0,0,A great deal,A moderate amount,0,0,1,0,0,"Humans could reduce global warming, but it is unclear at this point, whether we will do what is needed.",Strongly disagree,0,0,0,0,1,Somewhat disagree,Most scientists think global warming is happening.,Somewhat agree,0,1,0,0,0,Most,TRUE,"Recycle more often, Buy products that have less packaging, Give away or donate products so that they can be reused",1,0,1,1,0,"Purchased renewable energy from utilities, Changed traditional light bulbs to energy-efficient light bulbs",1,0,0,0,1,0,Often,0,1,0,0,0,The course didn’t have an influence on my transportation methods,0,0,0,0,0,1,Never,0,0,0,0,1,0,
12/17/2015 12:35:52,2009-2010,0,0,1,0,0,,Spring 2010,0,0,0,0,1,0,0,0,0,0,0,0,A great deal,A great deal,0,0,0,1,0,"Humans could reduce global warming, but it is unclear at this point, whether we will do what is needed.",Strongly disagree,0,0,0,0,1,Somewhat disagree,Most scientists think global warming is happening.,Somewhat agree,0,1,0,0,0,Most,TRUE,"Recycle more often, Compost food scraps or food waste, Give away or donate products so that they can be reused",1,1,0,1,0,"Changed traditional light bulbs to energy-efficient light bulbs, Reducing shower times, conserving the water as my shower ""warmed up"". Used extra water on plants in my garden. ",0,0,0,0,1,0,Sometimes,0,0,1,0,0,Used public transportation more often,0,0,0,1,0,0,Never,0,0,0,0,1,0,
12/17/2015 21:46:31,2009-2010,0,0,1,0,0,Linguistics,After Fall 2012,0,0,0,0,0,0,0,0,0,1,1,0,A great deal,A moderate amount,0,0,1,0,0,"Humans could reduce global warming, but it is unclear at this point, whether we will do what is needed.",Strongly disagree,0,0,0,0,1,Somewhat disagree,Most scientists think global warming is happening.,Somewhat agree,0,1,0,0,0,Most,TRUE,"Recycle more often, Compost food scraps or food waste",1,1,0,0,0,Changed traditional light bulbs to energy-efficient light bulbs,0,0,0,0,1,0,Occasionally,0,0,0,1,0,Used public transportation more often,0,0,0,1,0,0,The course had no influence on my purchase of carbon offsets,0,0,0,0,0,1,
12/21/2015 21:43:47,2009-2010,0,0,1,0,0,Advertising,Fall 2010,0,0,0,0,0,1,0,0,0,0,0,0,A great deal,A moderate amount,0,0,1,0,0,"Humans could reduce global warming, but people are not willing to change their behavior, so we are not going to.",Somewhat agree,0,1,0,0,0,Strongly disagree,Most scientists think global warming is happening.,Somewhat agree,0,1,0,0,0,A few,TRUE,"Recycle more often, Conserve water and electricity",1,0,0,0,0,"Purchased renewable energy from utilities, Purchased energy saving appliances, Changed traditional light bulbs to energy-efficient light bulbs",1,1,0,0,1,0,The course had no influence on my food choices,0,0,0,0,1,"Used public transportation more often, Used a bicycle instead of a car as transportation method",0,0,0,1,1,0,Never,0,0,0,0,1,0,
1/20/2016 12:48:58,2010-2011,0,0,0,1,0,Public Relations,After Fall 2012,0,0,0,0,0,0,0,0,0,1,1,0,A great deal,A great deal,0,0,0,1,0,"Humans can reduce global warming, and we are going to do so successfully.",Strongly disagree,0,0,0,0,1,Strongly disagree,There is a lot of disagreement among scientists about whether or not global warming is happening.,Strongly agree,1,0,0,0,0,A few,TRUE,"Recycle more often, Buy products that have less packaging, Give away or donate products so that they can be reused",1,0,1,1,0,"Purchased energy saving appliances, Changed traditional light bulbs to energy-efficient light bulbs",0,1,0,0,1,0,Often,0,1,0,0,0,"Used public transportation more often, Used a bicycle instead of a car as transportation method",0,0,0,1,1,0,Never,0,0,0,0,1,0,
1/20/2016 12:50:34,2010-2011,0,0,0,1,0,Radio/TV/Film,Spring 2012,0,0,0,0,0,0,0,0,1,0,0,0,A great deal,A moderate amount,0,0,1,0,0,"Humans could reduce global warming, but it is unclear at this point, whether we will do what is needed.",Strongly disagree,0,0,0,0,1,Somewhat disagree,Most scientists think global warming is happening.,Somewhat agree,0,1,0,0,0,Most,TRUE,"Recycle more often, Give away or donate products so that they can be reused",1,0,0,1,0,"Purchased energy saving appliances, Changed traditional light bulbs to energy-efficient light bulbs",0,1,0,0,1,0,Sometimes,0,0,1,0,0,Purchased a more gas-efficient car,0,0,1,0,0,0,The course had no influence on my purchase of carbon offsets,0,0,0,0,0,1,
1/20/2016 12:55:44,2009-2010,0,0,1,0,0,Geology,Fall 2012,0,0,0,0,0,0,0,0,0,1,0,0,A great deal,A great deal,0,0,0,1,0,"Humans could reduce global warming, but people are not willing to change their behavior, so we are not going to.",Strongly disagree,0,0,0,0,1,Neutral,Most scientists think global warming is happening.,Strongly agree,1,0,0,0,0,Most,TRUE,"Recycle more often, Give away or donate products so that they can be reused",1,0,0,1,0,"Purchased renewable energy from utilities, Purchased energy saving appliances, Changed traditional light bulbs to energy-efficient light bulbs",1,1,0,0,1,0,Often,0,1,0,0,0,"Carpool regularly, Purchased a more gas-efficient car",0,1,1,0,0,0,Never,0,0,0,0,1,0,
1/20/2016 13:05:42,2011-2012,0,0,0,0,1,Business MIS,After Fall 2012,0,0,0,0,0,0,0,0,0,1,1,0,A great deal,A moderate amount,0,0,1,0,0,"Humans could reduce global warming, but it is unclear at this point, whether we will do what is needed.",Somewhat disagree,0,0,0,1,0,Somewhat agree,Most scientists think global warming is happening.,Somewhat agree,0,1,0,0,0,Most,TRUE,"Recycle more often, Buy products that have less packaging, Give away or donate products so that they can be reused",1,0,1,1,0,"Purchased renewable energy from utilities, Always turn off the lights",1,0,0,0,0,0,Often,0,1,0,0,0,"Purchased a more gas-efficient car, Used public transportation more often",0,0,1,1,0,0,The course had no influence on my purchase of carbon offsets,0,0,0,0,0,1,
1/20/2016 13:18:28,2009-2010,0,0,1,0,0,Communications,Spring 2010,0,0,0,0,1,0,0,0,0,0,0,0,A moderate amount,A moderate amount,0,0,1,0,0,"Humans could reduce global warming, but it is unclear at this point, whether we will do what is needed.",Somewhat disagree,0,0,0,1,0,Strongly disagree,There is a lot of disagreement among scientists about whether or not global warming is happening.,Somewhat agree,0,1,0,0,0,A few,TRUE,"Recycle more often, Buy products that have less packaging, Compost food scraps or food waste, Give away or donate products so that they can be reused, Collect water, have chickens and ducks to not use farm raised eggs",1,1,1,1,0,"Purchased energy saving appliances, Changed traditional light bulbs to energy-efficient light bulbs",0,1,0,0,1,0,The course had no influence on my food choices,0,0,0,0,1,The course didn’t have an influence on my transportation methods,0,0,0,0,0,1,Never,0,0,0,0,1,0,
1/20/2016 13:22:57,2007-2008,1,0,0,0,0,Public Health,Spring 2009,0,0,1,0,0,0,0,0,0,0,0,0,A great deal,A great deal,0,0,0,1,0,"Humans could reduce global warming, but people are not willing to change their behavior, so we are not going to.",Somewhat agree,0,1,0,0,0,Strongly disagree,Most scientists think global warming is happening.,Somewhat disagree,0,0,0,1,0,A few,TRUE,"Recycle more often, Buy products that have less packaging, Compost food scraps or food waste, Give away or donate products so that they can be reused",1,1,1,1,0,"Purchased renewable energy from utilities, Purchased energy saving appliances, Changed traditional light bulbs to energy-efficient light bulbs",1,1,0,0,1,0,All the time,1,0,0,0,0,"Purchased a more gas-efficient car, Used public transportation more often",0,0,1,1,0,0,Sometimes,0,0,1,0,0,0,
1/20/2016 13:23:58,2010-2011,0,0,0,1,0,Communication Studies ,Spring 2011,0,0,0,0,0,0,1,0,0,0,0,0,A great deal,A great deal,0,0,0,1,0,"Humans could reduce global warming, but people are not willing to change their behavior, so we are not going to.",Strongly disagree,0,0,0,0,1,Strongly disagree,Most scientists think global warming is happening.,Somewhat agree,0,1,0,0,0,Most,TRUE,"Recycle more often, Buy products that have less packaging, Compost food scraps or food waste",1,1,1,0,0,"Purchased energy saving appliances, Changed traditional light bulbs to energy-efficient light bulbs",0,1,0,0,1,0,All the time,1,0,0,0,0,Used public transportation more often,0,0,0,1,0,0,Never,0,0,0,0,1,0,
1/20/2016 13:31:18,2010-2011,0,0,0,1,0,Graphic Design,Spring 2011,0,0,0,0,0,0,1,0,0,0,0,0,A great deal,A moderate amount,0,0,1,0,0,"Humans could reduce global warming, but it is unclear at this point, whether we will do what is needed.",Somewhat disagree,0,0,0,1,0,Strongly disagree,There is a lot of disagreement among scientists about whether or not global warming is happening.,Neutral,0,0,1,0,0,A few,TRUE,"Recycle more often, Buy products that have less packaging, Compost food scraps or food waste, Give away or donate products so that they can be reused",1,1,1,1,0,Changed traditional light bulbs to energy-efficient light bulbs,0,0,0,0,1,0,Often,0,1,0,0,0,"Carpool regularly, Purchased a more gas-efficient car",0,1,1,0,0,0,Occasionally,0,0,0,1,0,0,
1/20/2016 13:41:56,2011-2012,0,0,0,0,1,Environmental Studies,Spring 2012,0,0,0,0,0,0,0,0,1,0,0,0,A great deal,A moderate amount,0,0,1,0,0,"Humans could reduce global warming, but it is unclear at this point, whether we will do what is needed.",Strongly disagree,0,0,0,0,1,Strongly disagree,Most scientists think global warming is happening.,Somewhat agree,0,1,0,0,0,Most,TRUE,"Recycle more often, Buy products that have less packaging, Compost food scraps or food waste, Give away or donate products so that they can be reused, Assess whether I really need something before buying it",1,1,1,1,0,"Purchased energy saving appliances, Changed traditional light bulbs to energy-efficient light bulbs",0,1,0,0,1,0,Often,0,1,0,0,0,"Purchased a hybrid or electric car, Carpool regularly, Used a bicycle instead of a car as transportation method",1,1,0,0,1,0,Never,0,0,0,0,1,0,
1/20/2016 13:59:54,2011-2012,0,0,0,0,1,Economics,After Fall 2012,0,0,0,0,0,0,0,0,0,1,1,0,A great deal,A great deal,0,0,0,1,0,"Humans could reduce global warming, but it is unclear at this point, whether we will do what is needed.",Strongly disagree,0,0,0,0,1,Strongly disagree,Most scientists think global warming is happening.,Strongly agree,1,0,0,0,0,A few,TRUE,"Recycle more often, Buy products that have less packaging, Compost food scraps or food waste, Give away or donate products so that they can be reused",1,1,1,1,0,"Purchased energy saving appliances, Changed traditional light bulbs to energy-efficient light bulbs",0,1,0,0,1,0,Sometimes,0,0,1,0,0,Used a bicycle instead of a car as transportation method,0,0,0,0,1,0,Never,0,0,0,0,1,0,
1/20/2016 14:32:56,2010-2011,0,0,0,1,0,Business: Marketing,Spring 2012,0,0,0,0,0,0,0,0,1,0,0,0,A great deal,,0,0,0,0,0,"Humans could reduce global warming, but it is unclear at this point, whether we will do what is needed.",Somewhat agree,0,1,0,0,0,Neutral,There is a lot of disagreement among scientists about whether or not global warming is happening.,Strongly agree,1,0,0,0,0,Most,TRUE,"Recycle more often, Buy products that have less packaging, Give away or donate products so that they can be reused",1,0,1,1,0,"Changed traditional light bulbs to energy-efficient light bulbs, Still not a home owner, answers to not apply to me",0,0,0,0,1,0,Sometimes,0,0,1,0,0,"Purchased a more gas-efficient car, Used public transportation more often",0,0,1,1,0,0,Never,0,0,0,0,1,0,
1/20/2016 15:16:11,2008-2009,0,1,0,0,0,Psychology,Fall 2012,0,0,0,0,0,0,0,0,0,1,0,0,A great deal,A great deal,0,0,0,1,0,"Humans could reduce global warming, but it is unclear at this point, whether we will do what is needed.",Strongly disagree,0,0,0,0,1,Somewhat disagree,Most scientists think global warming is happening.,Somewhat agree,0,1,0,0,0,A few,TRUE,"Recycle more often, Compost food scraps or food waste",1,1,0,0,0,Changed traditional light bulbs to energy-efficient light bulbs,0,0,0,0,1,0,Occasionally,0,0,0,1,0,Used public transportation more often,0,0,0,1,0,0,Never,0,0,0,0,1,0,
1/20/2016 16:30:27,2007-2008,1,0,0,0,0,Liberal Studies,Fall 2011,0,0,0,0,0,0,0,1,0,0,0,0,A moderate amount,A moderate amount,0,0,1,0,0,"Humans could reduce global warming, but people are not willing to change their behavior, so we are not going to.",Strongly disagree,0,0,0,0,1,Strongly disagree,Most scientists think global warming is happening.,Strongly agree,1,0,0,0,0,A few,TRUE,"Recycle more often, Buy products that have less packaging, Give away or donate products so that they can be reused",1,0,1,1,0,"Purchased energy saving appliances, Changed traditional light bulbs to energy-efficient light bulbs",0,1,0,0,1,0,Sometimes,0,0,1,0,0,Purchased a more gas-efficient car,0,0,1,0,0,0,The course had no influence on my purchase of carbon offsets,0,0,0,0,0,1,
1/20/2016 16:49:30,2007-2008,1,0,0,0,0,Fine arts,Spring 2008,1,0,0,0,0,0,0,0,0,0,0,0,A great deal,A great deal,0,0,0,1,0,"Humans could reduce global warming, but it is unclear at this point, whether we will do what is needed.",Somewhat agree,0,1,0,0,0,Somewhat disagree,Most scientists think global warming is happening.,Strongly agree,1,0,0,0,0,A few,TRUE,"Recycle more often, Buy products that have less packaging, Give away or donate products so that they can be reused, Recycle shower water",1,0,1,1,0,Changed traditional light bulbs to energy-efficient light bulbs,0,0,0,0,1,0,Occasionally,0,0,0,1,0,Purchased a hybrid or electric car,1,0,0,0,0,0,The course had no influence on my purchase of carbon offsets,0,0,0,0,0,1,
1/20/2016 17:36:25,2010-2011,0,0,0,1,0,Environmental Studies,Spring 2012,0,0,0,0,0,0,0,0,1,0,0,0,A great deal,A moderate amount,0,0,1,0,0,"Humans could reduce global warming, but it is unclear at this point, whether we will do what is needed.",Strongly disagree,0,0,0,0,1,Neutral,There is a lot of disagreement among scientists about whether or not global warming is happening.,Somewhat agree,0,1,0,0,0,A few,TRUE,"Recycle more often, Buy products that have less packaging, Compost food scraps or food waste, Give away or donate products so that they can be reused, Take public transit, carpool",1,1,1,1,0,"Changed traditional light bulbs to energy-efficient light bulbs, Wash with cold water, turn off lights more habit stuff since I rent ",0,0,0,0,1,0,Sometimes,0,0,1,0,0,"Carpool regularly, Used public transportation more often, Used a bicycle instead of a car as transportation method",0,1,0,1,1,0,Never,0,0,0,0,1,0,
1/20/2016 17:58:59,2010-2011,0,0,0,1,0,environmental studies,After Fall 2012,0,0,0,0,0,0,0,0,0,1,1,0,A great deal,A great deal,0,0,0,1,0,"Humans could reduce global warming, but it is unclear at this point, whether we will do what is needed.",Somewhat disagree,0,0,0,1,0,Somewhat disagree,Most scientists think global warming is happening.,Somewhat agree,0,1,0,0,0,A few,TRUE,"Recycle more often, Compost food scraps or food waste, Give away or donate products so that they can be reused, Attempt to make environmental conscious decisions especially regarding household goods (lightbulds,batteries, etc.)",1,1,0,1,0,"Purchased energy saving appliances, Changed traditional light bulbs to energy-efficient light bulbs, reduce and conserve water as well",0,1,0,0,1,0,Occasionally,0,0,0,1,0,Purchased a more gas-efficient car,0,0,1,0,0,0,Never,0,0,0,0,1,0,
1/20/2016 18:12:44,2009-2010,0,0,1,0,0,Business Marketing,Fall 2011,0,0,0,0,0,0,0,1,0,0,0,0,A great deal,A moderate amount,0,0,1,0,0,"Humans could reduce global warming, but it is unclear at this point, whether we will do what is needed.",Somewhat agree,0,1,0,0,0,Strongly disagree,Most scientists think global warming is happening.,Strongly agree,1,0,0,0,0,Most,TRUE,"Recycle more often, Buy products that have less packaging, Compost food scraps or food waste",1,1,1,0,0,"Purchased energy saving appliances, Changed traditional light bulbs to energy-efficient light bulbs",0,1,0,0,1,0,Occasionally,0,0,0,1,0,Used a bicycle instead of a car as transportation method,0,0,0,0,1,0,Never,0,0,0,0,1,0,
1/20/2016 18:25:51,2009-2010,0,0,1,0,0,Communication Studies,Fall 2011,0,0,0,0,0,0,0,1,0,0,0,0,A great deal,A moderate amount,0,0,1,0,0,"Humans could reduce global warming, but it is unclear at this point, whether we will do what is needed.",Strongly disagree,0,0,0,0,1,Strongly disagree,Most scientists think global warming is happening.,Somewhat agree,0,1,0,0,0,Most,TRUE,"Recycle more often, Buy products that have less packaging, Give away or donate products so that they can be reused",1,0,1,1,0,"Purchased energy saving appliances, Changed traditional light bulbs to energy-efficient light bulbs",0,1,0,0,1,0,Often,0,1,0,0,0,"Carpool regularly, Used public transportation more often",0,1,0,1,0,0,Occasionally,0,0,0,1,0,0,
1/20/2016 19:57:40,2011-2012,0,0,0,0,1,"Bachelor of Science in Environmental Studies, Concentration in Natural                                                   Resource Management and Restoration",After Fall 2012,0,0,0,0,0,0,0,0,0,1,1,0,A great deal,A great deal,0,0,0,1,0,"Humans could reduce global warming, but it is unclear at this point, whether we will do what is needed.",Strongly agree,1,0,0,0,0,Strongly agree,Most scientists think global warming is happening.,Strongly agree,1,0,0,0,0,Most,TRUE,"Recycle more often, Buy products that have less packaging, Compost food scraps or food waste, Give away or donate products so that they can be reused",1,1,1,1,0,Changed traditional light bulbs to energy-efficient light bulbs,0,0,0,0,1,0,Often,0,1,0,0,0,"Carpool regularly, Used public transportation more often",0,1,0,1,0,0,Occasionally,0,0,0,1,0,0,
1/20/2016 19:58:55,2007-2008,1,0,0,0,0,English Literature,Fall 2008,0,1,0,0,0,0,0,0,0,0,0,0,A great deal,A moderate amount,0,0,1,0,0,"Humans could reduce global warming, but it is unclear at this point, whether we will do what is needed.",Somewhat agree,0,1,0,0,0,Strongly disagree,Most scientists think global warming is happening.,Strongly agree,1,0,0,0,0,Most,TRUE,"Buy products that have less packaging, Compost food scraps or food waste",0,1,1,0,0,"Purchased energy saving appliances, Changed traditional light bulbs to energy-efficient light bulbs",0,1,0,0,1,0,Often,0,1,0,0,0,"Carpool regularly, The course didn’t have an influence on my transportation methods",0,1,0,0,0,1,The course had no influence on my purchase of carbon offsets,0,0,0,0,0,1,
1/20/2016 23:05:26,2007-2008,1,0,0,0,0,Art (Animation/Illustration),Spring 2012,0,0,0,0,0,0,0,0,1,0,0,0,A great deal,A moderate amount,0,0,1,0,0,"Humans could reduce global warming, but it is unclear at this point, whether we will do what is needed.",Somewhat agree,0,1,0,0,0,Somewhat disagree,Most scientists think global warming is happening.,Neutral,0,0,1,0,0,Most,TRUE,"Recycle more often, Compost food scraps or food waste",1,1,0,0,0,"Purchased renewable energy from utilities, Purchased energy saving appliances, Changed traditional light bulbs to energy-efficient light bulbs",1,1,0,0,1,0,The course had no influence on my food choices,0,0,0,0,1,"Carpool regularly, Used public transportation more often, The course didn’t have an influence on my transportation methods",0,1,0,1,0,1,Never,0,0,0,0,1,0,
1/21/2016 6:20:24,2007-2008,1,0,0,0,0,Environmental Studies,Spring 2010,0,0,0,0,1,0,0,0,0,0,0,0,A great deal,A moderate amount,0,0,1,0,0,"Humans could reduce global warming, but it is unclear at this point, whether we will do what is needed.",Somewhat disagree,0,0,0,1,0,Strongly disagree,Most scientists think global warming is happening.,Strongly agree,1,0,0,0,0,Most,TRUE,"Recycle more often, Buy products that have less packaging",1,0,1,0,0,"Purchased energy saving appliances, Changed traditional light bulbs to energy-efficient light bulbs",0,1,0,0,1,0,Sometimes,0,0,1,0,0,The course didn’t have an influence on my transportation methods,0,0,0,0,0,1,The course had no influence on my purchase of carbon offsets,0,0,0,0,0,1,
1/21/2016 7:46:20,2011-2012,0,0,0,0,1,Environmental Studies,Fall 2012,0,0,0,0,0,0,0,0,0,1,0,0,A great deal,Only a little,0,1,0,0,0,"Humans could reduce global warming, but it is unclear at this point, whether we will do what is needed.",Somewhat disagree,0,0,0,1,0,Somewhat agree,Most scientists think global warming is happening.,Somewhat agree,0,1,0,0,0,Most,TRUE,"Recycle more often, Buy products that have less packaging, Compost food scraps or food waste, Give away or donate products so that they can be reused",1,1,1,1,0,Changed traditional light bulbs to energy-efficient light bulbs,0,0,0,0,1,0,Occasionally,0,0,0,1,0,The course didn’t have an influence on my transportation methods,0,0,0,0,0,1,Never,0,0,0,0,1,0,
1/21/2016 9:17:13,2011-2012,0,0,0,0,1,Fine Art,Spring 2012,0,0,0,0,0,0,0,0,1,0,0,0,A great deal,A great deal,0,0,0,1,0,"Humans could reduce global warming, but it is unclear at this point, whether we will do what is needed.",Strongly disagree,0,0,0,0,1,Strongly disagree,Most scientists think global warming is happening.,Strongly agree,1,0,0,0,0,Most,TRUE,"Recycle more often, Buy products that have less packaging, Compost food scraps or food waste, Give away or donate products so that they can be reused",1,1,1,1,0,"Purchased renewable energy from utilities, Purchased energy saving appliances, Changed traditional light bulbs to energy-efficient light bulbs",1,1,0,0,1,0,Often,0,1,0,0,0,"Purchased a more gas-efficient car, Used a bicycle instead of a car as transportation method",0,0,1,0,1,0,The course had no influence on my purchase of carbon offsets,0,0,0,0,0,1,
1/21/2016 10:10:30,2011-2012,0,0,0,0,1,,After Fall 2012,0,0,0,0,0,0,0,0,0,1,1,0,A great deal,A moderate amount,0,0,1,0,0,"Humans could reduce global warming, but people are not willing to change their behavior, so we are not going to.",Somewhat disagree,0,0,0,1,0,Strongly disagree,There is a lot of disagreement among scientists about whether or not global warming is happening.,Strongly agree,1,0,0,0,0,A few,TRUE,"Recycle more often, Compost food scraps or food waste",1,1,0,0,0,"Purchased renewable energy from utilities, Changed traditional light bulbs to energy-efficient light bulbs",1,0,0,0,1,0,Sometimes,0,0,1,0,0,Carpool regularly,0,1,0,0,0,0,Never,0,0,0,0,1,0,
1/21/2016 19:41:29,2010-2011,0,0,0,1,0,Geology,After Fall 2012,0,0,0,0,0,0,0,0,0,1,1,0,A great deal,A moderate amount,0,0,1,0,0,"Humans could reduce global warming, but it is unclear at this point, whether we will do what is needed.",Strongly disagree,0,0,0,0,1,Somewhat disagree,Most scientists think global warming is happening.,Somewhat agree,0,1,0,0,0,Most,TRUE,"Recycle more often, Compost food scraps or food waste, Give away or donate products so that they can be reused",1,1,0,1,0,Changed traditional light bulbs to energy-efficient light bulbs,0,0,0,0,1,0,Sometimes,0,0,1,0,0,Purchased a more gas-efficient car,0,0,1,0,0,0,The course had no influence on my purchase of carbon offsets,0,0,0,0,0,1,
1/21/2016 23:07:52,2009-2010,0,0,1,0,0,Business Administration ,Spring 2010,0,0,0,0,1,0,0,0,0,0,0,0,A great deal,A great deal,0,0,0,1,0,"Humans could reduce global warming, but it is unclear at this point, whether we will do what is needed.",Strongly disagree,0,0,0,0,1,Strongly disagree,Most scientists think global warming is happening.,Strongly agree,1,0,0,0,0,Most,TRUE,"Recycle more often, Buy products that have less packaging, Compost food scraps or food waste, Give away or donate products so that they can be reused",1,1,1,1,0,Purchased energy saving appliances,0,1,0,0,0,0,Often,0,1,0,0,0,Purchased a more gas-efficient car,0,0,1,0,0,0,Never,0,0,0,0,1,0,
1/24/2016 11:28:32,2007-2008,1,0,0,0,0,mathematics,Spring 2009,0,0,1,0,0,0,0,0,0,0,0,0,A great deal,A moderate amount,0,0,1,0,0,"Humans could reduce global warming, but it is unclear at this point, whether we will do what is needed.",Somewhat agree,0,1,0,0,0,Somewhat disagree,Most scientists think global warming is happening.,Somewhat agree,0,1,0,0,0,Most,TRUE,"Recycle more often, Buy products that have less packaging",1,0,1,0,0,"I rent, so not so much is possible.",0,0,0,0,0,0,Occasionally,0,0,0,1,0,The course didn’t have an influence on my transportation methods,0,0,0,0,0,1,Never,0,0,0,0,1,0,
1/29/2016 9:03:08,2009-2010,0,0,1,0,0,Environmental Studies,Spring 2011,0,0,0,0,0,0,1,0,0,0,0,0,A great deal,A moderate amount,0,0,1,0,0,"Humans could reduce global warming, but it is unclear at this point, whether we will do what is needed.",Somewhat disagree,0,0,0,1,0,Somewhat disagree,Most scientists think global warming is happening.,Somewhat disagree,0,0,0,1,0,A few,TRUE,"Recycle more often, Buy products that have less packaging, Give away or donate products so that they can be reused",1,0,1,1,0,"Purchased energy saving appliances, Changed traditional light bulbs to energy-efficient light bulbs",0,1,0,0,1,0,Often,0,1,0,0,0,The course didn’t have an influence on my transportation methods,0,0,0,0,0,1,Never,0,0,0,0,1,0,
1/30/2016 11:29:05,2011-2012,0,0,0,0,1,Business Administration,Fall 2012,0,0,0,0,0,0,0,0,0,1,0,0,A great deal,A moderate amount,0,0,1,0,0,"Humans could reduce global warming, but it is unclear at this point, whether we will do what is needed.",Strongly disagree,0,0,0,0,1,Somewhat disagree,Most scientists think global warming is happening.,Strongly agree,1,0,0,0,0,Most,TRUE,"Recycle more often, Buy products that have less packaging, Give away or donate products so that they can be reused",1,0,1,1,0,"Purchased renewable energy from utilities, Purchased energy saving appliances, Changed traditional light bulbs to energy-efficient light bulbs",1,1,0,0,1,0,Sometimes,0,0,1,0,0,The course didn’t have an influence on my transportation methods,0,0,0,0,0,1,Occasionally,0,0,0,1,0,0,
1/30/2016 14:13:17,2007-2008,1,0,0,0,0,Business / Entrepeneurship,Spring 2009,0,0,1,0,0,0,0,0,0,0,0,0,A great deal,Only a little,0,1,0,0,0,"Humans could reduce global warming, but it is unclear at this point, whether we will do what is needed.",Neutral,0,0,1,0,0,Somewhat disagree,Most scientists think global warming is happening.,Neutral,0,0,1,0,0,Most,TRUE,"Recycle more often, Buy products that have less packaging, Compost food scraps or food waste, Give away or donate products so that they can be reused, The course didn’t have an influence on these actions, Share climate change news / conferences happenings",1,1,1,1,1,Changed traditional light bulbs to energy-efficient light bulbs,0,0,0,0,1,0,Sometimes,0,0,1,0,0,Used public transportation more often,0,0,0,1,0,0,The course had no influence on my purchase of carbon offsets,0,0,0,0,0,1,
2/3/2016 6:49:54,2009-2010,0,0,1,0,0,Marketing,Spring 2011,0,0,0,0,0,0,1,0,0,0,0,0,A great deal,Only a little,0,1,0,0,0,"Humans could reduce global warming, but it is unclear at this point, whether we will do what is needed.",Neutral,0,0,1,0,0,Somewhat agree,There is a lot of disagreement among scientists about whether or not global warming is happening.,Neutral,0,0,1,0,0,A few,TRUE,The course didn’t have an influence on these actions,0,0,0,0,1,The course had no influence on my home energy use,0,0,0,0,0,1,The course had no influence on my food choices,0,0,0,0,1,The course didn’t have an influence on my transportation methods,0,0,0,0,0,1,Never,0,0,0,0,1,0,
2/4/2016 13:37:27,2011-2012,0,0,0,0,1,Hospitality Management,Spring 2012,0,0,0,0,0,0,0,0,1,0,0,0,A moderate amount,A moderate amount,0,0,1,0,0,"Humans could reduce global warming, but it is unclear at this point, whether we will do what is needed.",Somewhat disagree,0,0,0,1,0,Somewhat agree,Most scientists think global warming is happening.,Somewhat agree,0,1,0,0,0,A few,TRUE,"Recycle more often, Compost food scraps or food waste, Give away or donate products so that they can be reused",1,1,0,1,0,Turn off unused lights.,0,0,0,0,0,0,The course had no influence on my food choices,0,0,0,0,1,"Purchased a more gas-efficient car, Used public transportation more often",0,0,1,1,0,0,Never,0,0,0,0,1,0,
2/5/2016 19:26:25,2011-2012,0,0,0,0,1,Environmental Studies,After Fall 2012,0,0,0,0,0,0,0,0,0,1,1,0,A moderate amount,A moderate amount,0,0,1,0,0,"Humans could reduce global warming, but it is unclear at this point, whether we will do what is needed.",Neutral,0,0,1,0,0,Somewhat agree,Most scientists think global warming is happening.,Somewhat agree,0,1,0,0,0,A few,TRUE,"Buy products that have less packaging, Compost food scraps or food waste, Give away or donate products so that they can be reused",0,1,1,1,0,"Purchased energy saving appliances, Changed traditional light bulbs to energy-efficient light bulbs",0,1,0,0,1,0,Sometimes,0,0,1,0,0,"Carpool regularly, Used public transportation more often",0,1,0,1,0,0,Never,0,0,0,0,1,0,
2/8/2016 17:37:14,2008-2009,0,1,0,0,0,Geology,Spring 2011,0,0,0,0,0,0,1,0,0,0,0,0,A great deal,A great deal,0,0,0,1,0,"Humans could reduce global warming, but it is unclear at this point, whether we will do what is needed.",Strongly disagree,0,0,0,0,1,Somewhat disagree,Most scientists think global warming is happening.,Strongly agree,1,0,0,0,0,Most,TRUE,The course didn’t have an influence on these actions,0,0,0,0,1,"Purchased energy saving appliances, Installed solar panels for electricity, Changed traditional light bulbs to energy-efficient light bulbs",0,1,1,0,1,0,Often,0,1,0,0,0,"Used public transportation more often, Used a bicycle instead of a car as transportation method",0,0,0,1,1,0,Never,0,0,0,0,1,0,
2/23/2016 10:48:06,2011-2012,0,0,0,0,1,Advertising,Fall 2012,0,0,0,0,0,0,0,0,0,1,0,0,A great deal,A great deal,0,0,0,1,0,"Humans could reduce global warming, but it is unclear at this point, whether we will do what is needed.",Strongly disagree,0,0,0,0,1,Somewhat disagree,,Strongly agree,1,0,0,0,0,A few,TRUE,"Recycle more often, Give away or donate products so that they can be reused",1,0,0,1,0,Changed traditional light bulbs to energy-efficient light bulbs,0,0,0,0,1,0,The course had no influence on my food choices,0,0,0,0,1,"Purchased a more gas-efficient car, Used public transportation more often",0,0,1,1,0,0,Occasionally,0,0,0,1,0,0,
2/23/2016 10:51:02,2009-2010,0,0,1,0,0,Bachelor of Arts: Music,After Fall 2012,0,0,0,0,0,0,0,0,0,1,1,0,A great deal,A moderate amount,0,0,1,0,0,"Humans could reduce global warming, but people are not willing to change their behavior, so we are not going to.",Somewhat disagree,0,0,0,1,0,Neutral,Most scientists think global warming is happening.,Strongly agree,1,0,0,0,0,A few,TRUE,"Recycle more often, Buy products that have less packaging, Compost food scraps or food waste, Give away or donate products so that they can be reused, My kids and I pick up litter when we see it. We make a game out of it.",1,1,1,1,0,"Purchased energy saving appliances, Changed traditional light bulbs to energy-efficient light bulbs",0,1,0,0,1,0,Often,0,1,0,0,0,Carpool regularly,0,1,0,0,0,0,Never,0,0,0,0,1,0,
2/23/2016 11:08:18,2011-2012,0,0,0,0,1,Communication,Spring 2012,0,0,0,0,0,0,0,0,1,0,0,0,A moderate amount,A moderate amount,0,0,1,0,0,"Humans could reduce global warming, but it is unclear at this point, whether we will do what is needed.",Somewhat disagree,0,0,0,1,0,Somewhat agree,There is a lot of disagreement among scientists about whether or not global warming is happening.,Somewhat disagree,0,0,0,1,0,A few,TRUE,"Recycle more often, Compost food scraps or food waste",1,1,0,0,0,The course had no influence on my home energy use,0,0,0,0,0,1,The course had no influence on my food choices,0,0,0,0,1,The course didn’t have an influence on my transportation methods,0,0,0,0,0,1,Never,0,0,0,0,1,0,
2/23/2016 11:16:01,2010-2011,0,0,0,1,0,English Literature,Currently enrolled,0,0,0,0,0,0,0,0,0,0,0,1,A great deal,A moderate amount,0,0,1,0,0,"Humans could reduce global warming, but it is unclear at this point, whether we will do what is needed.",Somewhat agree,0,1,0,0,0,Somewhat disagree,Most scientists think global warming is happening.,Somewhat agree,0,1,0,0,0,Most,TRUE,"Recycle more often, Buy products that have less packaging, Give away or donate products so that they can be reused",1,0,1,1,0,Changed traditional light bulbs to energy-efficient light bulbs,0,0,0,0,1,0,The course had no influence on my food choices,0,0,0,0,1,The course didn’t have an influence on my transportation methods,0,0,0,0,0,1,The course had no influence on my purchase of carbon offsets,0,0,0,0,0,1,
2/23/2016 11:18:36,2010-2011,0,0,0,1,0,Mass Communication ,Spring 2011,0,0,0,0,0,0,1,0,0,0,0,0,A great deal,A great deal,0,0,0,1,0,"Humans could reduce global warming, but people are not willing to change their behavior, so we are not going to.",Neutral,0,0,1,0,0,Neutral,Don't know enough to say.,Somewhat agree,0,1,0,0,0,A few,TRUE,"Recycle more often, Buy products that have less packaging, Give away or donate products so that they can be reused",1,0,1,1,0,"Purchased renewable energy from utilities, Purchased energy saving appliances, Changed traditional light bulbs to energy-efficient light bulbs",1,1,0,0,1,0,Sometimes,0,0,1,0,0,Purchased a more gas-efficient car,0,0,1,0,0,0,The course had no influence on my purchase of carbon offsets,0,0,0,0,0,1,
2/23/2016 11:23:58,2008-2009,0,1,0,0,0,Communication Studies,Fall 2008,0,1,0,0,0,0,0,0,0,0,0,0,A great deal,Only a little,0,1,0,0,0,"Humans could reduce global warming, but it is unclear at this point, whether we will do what is needed.",Somewhat agree,0,1,0,0,0,Somewhat disagree,There is a lot of disagreement among scientists about whether or not global warming is happening.,Somewhat agree,0,1,0,0,0,A few,TRUE,"Recycle more often, Buy products that have less packaging, Give away or donate products so that they can be reused",1,0,1,1,0,"Purchased renewable energy from utilities, Purchased energy saving appliances, Changed traditional light bulbs to energy-efficient light bulbs",1,1,0,0,1,0,Sometimes,0,0,1,0,0,"Carpool regularly, Used a bicycle instead of a car as transportation method",0,1,0,0,1,0,Sometimes,0,0,1,0,0,0,
2/23/2016 13:44:39,2010-2011,0,0,0,1,0,Environmental Studies,Fall 2012,0,0,0,0,0,0,0,0,0,1,0,0,A great deal,A moderate amount,0,0,1,0,0,"Humans could reduce global warming, but it is unclear at this point, whether we will do what is needed.",Strongly disagree,0,0,0,0,1,Strongly disagree,Most scientists think global warming is happening.,Somewhat agree,0,1,0,0,0,A few,TRUE,"Recycle more often, Buy products that have less packaging, Give away or donate products so that they can be reused",1,0,1,1,0,"Changed traditional light bulbs to energy-efficient light bulbs, I rent so conservation is limited to reducing use",0,0,0,0,1,0,Often,0,1,0,0,0,Purchased a more gas-efficient car,0,0,1,0,0,0,Never,0,0,0,0,1,0,
2/23/2016 17:54:25,2009-2010,0,0,1,0,0,International business,Fall 2012,0,0,0,0,0,0,0,0,0,1,0,0,A great deal,A moderate amount,0,0,1,0,0,"Humans could reduce global warming, but it is unclear at this point, whether we will do what is needed.",Somewhat disagree,0,0,0,1,0,Somewhat disagree,Most scientists think global warming is happening.,Neutral,0,0,1,0,0,A few,TRUE,"Recycle more often, Give away or donate products so that they can be reused",1,0,0,1,0,Changed traditional light bulbs to energy-efficient light bulbs,0,0,0,0,1,0,Occasionally,0,0,0,1,0,Carpool regularly,0,1,0,0,0,0,Never,0,0,0,0,1,0,
2/23/2016 21:29:29,2008-2009,0,1,0,0,0,Communication studies,Spring 2010,0,0,0,0,1,0,0,0,0,0,0,0,A great deal,A great deal,0,0,0,1,0,"Humans could reduce global warming, but it is unclear at this point, whether we will do what is needed.",Somewhat disagree,0,0,0,1,0,Somewhat disagree,Most scientists think global warming is happening.,Strongly agree,1,0,0,0,0,Most,TRUE,"Recycle more often, Buy products that have less packaging, Compost food scraps or food waste, Give away or donate products so that they can be reused",1,1,1,1,0,"Changed traditional light bulbs to energy-efficient light bulbs, Limit use of energy, for example, turning off lights, not running heater/ac",0,0,0,0,1,0,Often,0,1,0,0,0,"Purchased a hybrid or electric car, Purchased a more gas-efficient car",1,0,1,0,0,0,Never,0,0,0,0,1,0,
2/24/2016 4:35:55,2009-2010,0,0,1,0,0,Anthropology ,Spring 2012,0,0,0,0,0,0,0,0,1,0,0,0,A great deal,Only a little,0,1,0,0,0,"Humans could reduce global warming, but people are not willing to change their behavior, so we are not going to.",Somewhat disagree,0,0,0,1,0,Somewhat disagree,Most scientists think global warming is happening.,Somewhat agree,0,1,0,0,0,Most,TRUE,"Recycle more often, Buy products that have less packaging, Give away or donate products so that they can be reused",1,0,1,1,0,Changed traditional light bulbs to energy-efficient light bulbs,0,0,0,0,1,0,The course had no influence on my food choices,0,0,0,0,1,The course didn’t have an influence on my transportation methods,0,0,0,0,0,1,The course had no influence on my purchase of carbon offsets,0,0,0,0,0,1,
2/24/2016 20:59:03,2009-2010,0,0,1,0,0,Communications Studies,Spring 2008,1,0,0,0,0,0,0,0,0,0,0,0,A great deal,A moderate amount,0,0,1,0,0,"Humans could reduce global warming, but people are not willing to change their behavior, so we are not going to.",Somewhat disagree,0,0,0,1,0,Strongly disagree,Most scientists think global warming is happening.,Somewhat agree,0,1,0,0,0,A few,TRUE,"Recycle more often, Give away or donate products so that they can be reused, Try do drive less and reduce carbon emissions. Stronger belief in the potential of public transit",1,0,0,1,0,"Purchased energy saving appliances, Changed traditional light bulbs to energy-efficient light bulbs, Make sure to turn out lights and turn off appliances to reduce wasted energy. ",0,1,0,0,1,0,Occasionally,0,0,0,1,0,"Purchased a more gas-efficient car, Used a bicycle instead of a car as transportation method",0,0,1,0,1,0,Never,0,0,0,0,1,0,
2/26/2016 10:46:45,2011-2012,0,0,0,0,1,"Recreation (Health Sciences & Recreation, formerly HRTM)",After Fall 2012,0,0,0,0,0,0,0,0,0,1,1,0,A great deal,A moderate amount,0,0,1,0,0,"Humans could reduce global warming, but it is unclear at this point, whether we will do what is needed.",Strongly disagree,0,0,0,0,1,Somewhat agree,Most scientists think global warming is happening.,Somewhat agree,0,1,0,0,0,Most,TRUE,"Recycle more often, Buy products that have less packaging, Compost food scraps or food waste, Give away or donate products so that they can be reused, For trips/errands around town/under 7 miles I opt for my bicycle. I also take every opportunity to carpool to social events and I utilize a vanpool through my employer.  ",1,1,1,1,0,"Purchased energy saving appliances, Changed traditional light bulbs to energy-efficient light bulbs",0,1,0,0,1,0,Sometimes,0,0,1,0,0,"Carpool regularly, Purchased a more gas-efficient car, Used public transportation more often, Used a bicycle instead of a car as transportation method",0,1,1,1,1,0,Never,0,0,0,0,1,0,
2/29/2016 10:24:05,2010-2011,0,0,0,1,0,Comm,Fall 2012,0,0,0,0,0,0,0,0,0,1,0,0,A great deal,A moderate amount,0,0,1,0,0,"Humans could reduce global warming, but it is unclear at this point, whether we will do what is needed.",Somewhat disagree,0,0,0,1,0,Strongly disagree,There is a lot of disagreement among scientists about whether or not global warming is happening.,Somewhat agree,0,1,0,0,0,A few,TRUE,"Recycle more often, Give away or donate products so that they can be reused",1,0,0,1,0,"Purchased energy saving appliances, Changed traditional light bulbs to energy-efficient light bulbs",0,1,0,0,1,0,Sometimes,0,0,1,0,0,"Purchased a more gas-efficient car, Used public transportation more often, Used a bicycle instead of a car as transportation method",0,0,1,1,1,0,Never,0,0,0,0,1,0,
3/1/2016 15:28:23,2007-2008,1,0,0,0,0,Communication Studies,Fall 2008,0,1,0,0,0,0,0,0,0,0,0,0,A great deal,A great deal,0,0,0,1,0,"Humans could reduce global warming, but it is unclear at this point, whether we will do what is needed.",Somewhat disagree,0,0,0,1,0,Somewhat disagree,There is a lot of disagreement among scientists about whether or not global warming is happening.,Strongly agree,1,0,0,0,0,Most,TRUE,"Recycle more often, Buy products that have less packaging, Compost food scraps or food waste",1,1,1,0,0,"Purchased energy saving appliances, Changed traditional light bulbs to energy-efficient light bulbs",0,1,0,0,1,0,Often,0,1,0,0,0,Used public transportation more often,0,0,0,1,0,0,Never,0,0,0,0,1,0,
3/3/2016 8:59:11,2010-2011,0,0,0,1,0,Creative Advertising ,Fall 2012,0,0,0,0,0,0,0,0,0,1,0,0,A great deal,A great deal,0,0,0,1,0,"Humans could reduce global warming, but people are not willing to change their behavior, so we are not going to.",Strongly disagree,0,0,0,0,1,Somewhat agree,Most scientists think global warming is happening.,Strongly agree,1,0,0,0,0,Most,TRUE,"Recycle more often, Buy products that have less packaging, Give away or donate products so that they can be reused",1,0,1,1,0,"Purchased renewable energy from utilities, Purchased energy saving appliances, Changed traditional light bulbs to energy-efficient light bulbs",1,1,0,0,1,0,Sometimes,0,0,1,0,0,Carpool regularly,0,1,0,0,0,0,Never,0,0,0,0,1,0,
3/8/2016 17:42:37,2008-2009,0,1,0,0,0,Communication Studies/Business,Fall 2010,0,0,0,0,0,1,0,0,0,0,0,0,A great deal,A moderate amount,0,0,1,0,0,"Humans could reduce global warming, but it is unclear at this point, whether we will do what is needed.",Strongly disagree,0,0,0,0,1,Strongly disagree,There is a lot of disagreement among scientists about whether or not global warming is happening.,Strongly agree,1,0,0,0,0,Most,TRUE,"Recycle more often, Buy products that have less packaging, Compost food scraps or food waste, Give away or donate products so that they can be reused",1,1,1,1,0,"Purchased energy saving appliances, Changed traditional light bulbs to energy-efficient light bulbs",0,1,0,0,1,0,Often,0,1,0,0,0,,0,0,0,0,0,0,Often,0,1,0,0,0,0,
,,,,,,,,,,,,,,,,,,,,,,,,,,,,,,,,,,,,,,,,,,,,,,,,,,,,,,,,,,,,,,,,,,,,,,,,,,,,,,
,,,,,,,,,,,,,,,,,,,,,,,,,,,,,,,,,,,,,,,,,,,,,,,,,,,,,,,,,,,,,,,,,,,,,,,,,,,,,, 